[{"rental_payment_key":16766, "rental_key":101, "payment_key":12612, "customer_key":468, "staff_key":1, "rental_date":"2005-05-25 17:17:04", "inventory_id":617, "rental_customer_id":468, "return_date":"2005-05-31 19:47:04", "rental_staff_id":1, "rental_last_update":"2006-02-15 21:30:53", "payment_customer_id":468, "payment_staff_id":1, "rental_id":186, "amount":4.99, "payment_date":"2005-05-26 05:32:52", "payment_last_update":"2006-02-15 22:19:30"},
 {"rental_payment_key":16767, "rental_key":101, "payment_key":12615, "customer_key":468, "staff_key":1, "rental_date":"2005-05-25 17:17:04", "inventory_id":617, "rental_customer_id":468, "return_date":"2005-05-31 19:47:04", "rental_staff_id":1, "rental_last_update":"2006-02-15 21:30:53", "payment_customer_id":468, "payment_staff_id":1, "rental_id":673, "amount":0.99, "payment_date":"2005-05-28 22:07:30", "payment_last_update":"2006-02-15 22:19:30"},
 {"rental_payment_key":16768, "rental_key":101, "payment_key":12617, "customer_key":468, "staff_key":1, "rental_date":"2005-05-25 17:17:04", "inventory_id":617, "rental_customer_id":468, "return_date":"2005-05-31 19:47:04", "rental_staff_id":1, "rental_last_update":"2006-02-15 21:30:53", "payment_customer_id":468, "payment_staff_id":1, "rental_id":1627, "amount":8.99, "payment_date":"2005-06-16 07:51:09", "payment_last_update":"2006-02-15 22:19:30"},
 {"rental_payment_key":16769, "rental_key":101, "payment_key":12618, "customer_key":468, "staff_key":1, "rental_date":"2005-05-25 17:17:04", "inventory_id":617, "rental_customer_id":468, "return_date":"2005-05-31 19:47:04", "rental_staff_id":1, "rental_last_update":"2006-02-15 21:30:53", "payment_customer_id":468, "payment_staff_id":1, "rental_id":1821, "amount":2.99, "payment_date":"2005-06-16 21:42:49", "payment_last_update":"2006-02-15 22:19:30"},
 {"rental_payment_key":16770, "rental_key":101, "payment_key":12619, "customer_key":468, "staff_key":1, "rental_date":"2005-05-25 17:17:04", "inventory_id":617, "rental_customer_id":468, "return_date":"2005-05-31 19:47:04", "rental_staff_id":1, "rental_last_update":"2006-02-15 21:30:53", "payment_customer_id":468, "payment_staff_id":1, "rental_id":1975, "amount":2.99, "payment_date":"2005-06-17 09:32:10", "payment_last_update":"2006-02-15 22:19:30"},
 {"rental_payment_key":16771, "rental_key":101, "payment_key":12621, "customer_key":468, "staff_key":1, "rental_date":"2005-05-25 17:17:04", "inventory_id":617, "rental_customer_id":468, "return_date":"2005-05-31 19:47:04", "rental_staff_id":1, "rental_last_update":"2006-02-15 21:30:53", "payment_customer_id":468, "payment_staff_id":1, "rental_id":2831, "amount":0.99, "payment_date":"2005-06-19 21:17:06", "payment_last_update":"2006-02-15 22:19:30"},
 {"rental_payment_key":16772, "rental_key":101, "payment_key":12623, "customer_key":468, "staff_key":1, "rental_date":"2005-05-25 17:17:04", "inventory_id":617, "rental_customer_id":468, "return_date":"2005-05-31 19:47:04", "rental_staff_id":1, "rental_last_update":"2006-02-15 21:30:53", "payment_customer_id":468, "payment_staff_id":1, "rental_id":3840, "amount":5.99, "payment_date":"2005-07-06 16:30:59", "payment_last_update":"2006-02-15 22:19:30"},
 {"rental_payment_key":16773, "rental_key":101, "payment_key":12626, "customer_key":468, "staff_key":1, "rental_date":"2005-05-25 17:17:04", "inventory_id":617, "rental_customer_id":468, "return_date":"2005-05-31 19:47:04", "rental_staff_id":1, "rental_last_update":"2006-02-15 21:30:53", "payment_customer_id":468, "payment_staff_id":1, "rental_id":5285, "amount":2.99, "payment_date":"2005-07-09 15:10:44", "payment_last_update":"2006-02-15 22:19:30"},
 {"rental_payment_key":16774, "rental_key":101, "payment_key":12627, "customer_key":468, "staff_key":1, "rental_date":"2005-05-25 17:17:04", "inventory_id":617, "rental_customer_id":468, "return_date":"2005-05-31 19:47:04", "rental_staff_id":1, "rental_last_update":"2006-02-15 21:30:53", "payment_customer_id":468, "payment_staff_id":1, "rental_id":6392, "amount":0.99, "payment_date":"2005-07-11 22:25:19", "payment_last_update":"2006-02-15 22:19:31"},
 {"rental_payment_key":16775, "rental_key":101, "payment_key":12628, "customer_key":468, "staff_key":1, "rental_date":"2005-05-25 17:17:04", "inventory_id":617, "rental_customer_id":468, "return_date":"2005-05-31 19:47:04", "rental_staff_id":1, "rental_last_update":"2006-02-15 21:30:53", "payment_customer_id":468, "payment_staff_id":1, "rental_id":6581, "amount":4.99, "payment_date":"2005-07-12 06:26:49", "payment_last_update":"2006-02-15 22:19:31"},
 {"rental_payment_key":16776, "rental_key":101, "payment_key":12631, "customer_key":468, "staff_key":1, "rental_date":"2005-05-25 17:17:04", "inventory_id":617, "rental_customer_id":468, "return_date":"2005-05-31 19:47:04", "rental_staff_id":1, "rental_last_update":"2006-02-15 21:30:53", "payment_customer_id":468, "payment_staff_id":1, "rental_id":7685, "amount":0.99, "payment_date":"2005-07-28 03:13:00", "payment_last_update":"2006-02-15 22:19:31"},
 {"rental_payment_key":16777, "rental_key":101, "payment_key":12634, "customer_key":468, "staff_key":1, "rental_date":"2005-05-25 17:17:04", "inventory_id":617, "rental_customer_id":468, "return_date":"2005-05-31 19:47:04", "rental_staff_id":1, "rental_last_update":"2006-02-15 21:30:53", "payment_customer_id":468, "payment_staff_id":1, "rental_id":9598, "amount":0.99, "payment_date":"2005-07-31 03:30:41", "payment_last_update":"2006-02-15 22:19:31"},
 {"rental_payment_key":16778, "rental_key":101, "payment_key":12635, "customer_key":468, "staff_key":1, "rental_date":"2005-05-25 17:17:04", "inventory_id":617, "rental_customer_id":468, "return_date":"2005-05-31 19:47:04", "rental_staff_id":1, "rental_last_update":"2006-02-15 21:30:53", "payment_customer_id":468, "payment_staff_id":1, "rental_id":9690, "amount":6.99, "payment_date":"2005-07-31 07:06:29", "payment_last_update":"2006-02-15 22:19:31"},
 {"rental_payment_key":16779, "rental_key":101, "payment_key":12640, "customer_key":468, "staff_key":1, "rental_date":"2005-05-25 17:17:04", "inventory_id":617, "rental_customer_id":468, "return_date":"2005-05-31 19:47:04", "rental_staff_id":1, "rental_last_update":"2006-02-15 21:30:53", "payment_customer_id":468, "payment_staff_id":1, "rental_id":13417, "amount":0.99, "payment_date":"2005-08-19 22:51:39", "payment_last_update":"2006-02-15 22:19:31"},
 {"rental_payment_key":16780, "rental_key":101, "payment_key":12643, "customer_key":468, "staff_key":1, "rental_date":"2005-05-25 17:17:04", "inventory_id":617, "rental_customer_id":468, "return_date":"2005-05-31 19:47:04", "rental_staff_id":1, "rental_last_update":"2006-02-15 21:30:53", "payment_customer_id":468, "payment_staff_id":1, "rental_id":14309, "amount":9.99, "payment_date":"2005-08-21 07:44:17", "payment_last_update":"2006-02-15 22:19:31"},
 {"rental_payment_key":16781, "rental_key":101, "payment_key":12644, "customer_key":468, "staff_key":1, "rental_date":"2005-05-25 17:17:04", "inventory_id":617, "rental_customer_id":468, "return_date":"2005-05-31 19:47:04", "rental_staff_id":1, "rental_last_update":"2006-02-15 21:30:53", "payment_customer_id":468, "payment_staff_id":1, "rental_id":14313, "amount":2.99, "payment_date":"2005-08-21 07:49:53", "payment_last_update":"2006-02-15 22:19:32"},
 {"rental_payment_key":16782, "rental_key":101, "payment_key":12645, "customer_key":468, "staff_key":1, "rental_date":"2005-05-25 17:17:04", "inventory_id":617, "rental_customer_id":468, "return_date":"2005-05-31 19:47:04", "rental_staff_id":1, "rental_last_update":"2006-02-15 21:30:53", "payment_customer_id":468, "payment_staff_id":1, "rental_id":14614, "amount":9.99, "payment_date":"2005-08-21 18:03:51", "payment_last_update":"2006-02-15 22:19:32"},
 {"rental_payment_key":16783, "rental_key":101, "payment_key":12647, "customer_key":468, "staff_key":1, "rental_date":"2005-05-25 17:17:04", "inventory_id":617, "rental_customer_id":468, "return_date":"2005-05-31 19:47:04", "rental_staff_id":1, "rental_last_update":"2006-02-15 21:30:53", "payment_customer_id":468, "payment_staff_id":1, "rental_id":15522, "amount":1.99, "payment_date":"2005-08-23 03:32:31", "payment_last_update":"2006-02-15 22:19:32"},
 {"rental_payment_key":16784, "rental_key":101, "payment_key":12648, "customer_key":468, "staff_key":1, "rental_date":"2005-05-25 17:17:04", "inventory_id":617, "rental_customer_id":468, "return_date":"2005-05-31 19:47:04", "rental_staff_id":1, "rental_last_update":"2006-02-15 21:30:53", "payment_customer_id":468, "payment_staff_id":1, "rental_id":15836, "amount":2.99, "payment_date":"2005-08-23 15:29:17", "payment_last_update":"2006-02-15 22:19:32"},
 {"rental_payment_key":16785, "rental_key":102, "payment_key":9271, "customer_key":343, "staff_key":1, "rental_date":"2005-05-25 17:22:10", "inventory_id":373, "rental_customer_id":343, "return_date":"2005-05-31 19:47:10", "rental_staff_id":1, "rental_last_update":"2006-02-15 21:30:53", "payment_customer_id":343, "payment_staff_id":1, "rental_id":455, "amount":3.99, "payment_date":"2005-05-27 19:43:29", "payment_last_update":"2006-02-15 22:16:32"},
 {"rental_payment_key":16786, "rental_key":102, "payment_key":9273, "customer_key":343, "staff_key":1, "rental_date":"2005-05-25 17:22:10", "inventory_id":373, "rental_customer_id":343, "return_date":"2005-05-31 19:47:10", "rental_staff_id":1, "rental_last_update":"2006-02-15 21:30:53", "payment_customer_id":343, "payment_staff_id":1, "rental_id":1564, "amount":6.99, "payment_date":"2005-06-16 02:47:07", "payment_last_update":"2006-02-15 22:16:33"},
 {"rental_payment_key":16787, "rental_key":102, "payment_key":9277, "customer_key":343, "staff_key":1, "rental_date":"2005-05-25 17:22:10", "inventory_id":373, "rental_customer_id":343, "return_date":"2005-05-31 19:47:10", "rental_staff_id":1, "rental_last_update":"2006-02-15 21:30:53", "payment_customer_id":343, "payment_staff_id":1, "rental_id":2980, "amount":8.99, "payment_date":"2005-06-20 08:35:03", "payment_last_update":"2006-02-15 22:16:33"},
 {"rental_payment_key":16788, "rental_key":102, "payment_key":9278, "customer_key":343, "staff_key":1, "rental_date":"2005-05-25 17:22:10", "inventory_id":373, "rental_customer_id":343, "return_date":"2005-05-31 19:47:10", "rental_staff_id":1, "rental_last_update":"2006-02-15 21:30:53", "payment_customer_id":343, "payment_staff_id":1, "rental_id":3407, "amount":0.99, "payment_date":"2005-06-21 16:14:02", "payment_last_update":"2006-02-15 22:16:33"},
 {"rental_payment_key":16789, "rental_key":102, "payment_key":9279, "customer_key":343, "staff_key":1, "rental_date":"2005-05-25 17:22:10", "inventory_id":373, "rental_customer_id":343, "return_date":"2005-05-31 19:47:10", "rental_staff_id":1, "rental_last_update":"2006-02-15 21:30:53", "payment_customer_id":343, "payment_staff_id":1, "rental_id":3978, "amount":5.99, "payment_date":"2005-07-06 23:04:33", "payment_last_update":"2006-02-15 22:16:33"},
 {"rental_payment_key":16790, "rental_key":102, "payment_key":9280, "customer_key":343, "staff_key":1, "rental_date":"2005-05-25 17:22:10", "inventory_id":373, "rental_customer_id":343, "return_date":"2005-05-31 19:47:10", "rental_staff_id":1, "rental_last_update":"2006-02-15 21:30:53", "payment_customer_id":343, "payment_staff_id":1, "rental_id":4472, "amount":7.99, "payment_date":"2005-07-08 00:22:06", "payment_last_update":"2006-02-15 22:16:33"},
 {"rental_payment_key":16791, "rental_key":102, "payment_key":9282, "customer_key":343, "staff_key":1, "rental_date":"2005-05-25 17:22:10", "inventory_id":373, "rental_customer_id":343, "return_date":"2005-05-31 19:47:10", "rental_staff_id":1, "rental_last_update":"2006-02-15 21:30:53", "payment_customer_id":343, "payment_staff_id":1, "rental_id":5337, "amount":3.99, "payment_date":"2005-07-09 17:03:50", "payment_last_update":"2006-02-15 22:16:33"},
 {"rental_payment_key":16792, "rental_key":102, "payment_key":9283, "customer_key":343, "staff_key":1, "rental_date":"2005-05-25 17:22:10", "inventory_id":373, "rental_customer_id":343, "return_date":"2005-05-31 19:47:10", "rental_staff_id":1, "rental_last_update":"2006-02-15 21:30:53", "payment_customer_id":343, "payment_staff_id":1, "rental_id":7069, "amount":6.99, "payment_date":"2005-07-27 03:59:35", "payment_last_update":"2006-02-15 22:16:33"},
 {"rental_payment_key":16793, "rental_key":102, "payment_key":9288, "customer_key":343, "staff_key":1, "rental_date":"2005-05-25 17:22:10", "inventory_id":373, "rental_customer_id":343, "return_date":"2005-05-31 19:47:10", "rental_staff_id":1, "rental_last_update":"2006-02-15 21:30:53", "payment_customer_id":343, "payment_staff_id":1, "rental_id":10822, "amount":0.99, "payment_date":"2005-08-01 22:54:28", "payment_last_update":"2006-02-15 22:16:33"},
 {"rental_payment_key":16794, "rental_key":102, "payment_key":9289, "customer_key":343, "staff_key":1, "rental_date":"2005-05-25 17:22:10", "inventory_id":373, "rental_customer_id":343, "return_date":"2005-05-31 19:47:10", "rental_staff_id":1, "rental_last_update":"2006-02-15 21:30:53", "payment_customer_id":343, "payment_staff_id":1, "rental_id":11212, "amount":0.99, "payment_date":"2005-08-02 12:18:29", "payment_last_update":"2006-02-15 22:16:33"},
 {"rental_payment_key":16795, "rental_key":103, "payment_key":10395, "customer_key":384, "staff_key":1, "rental_date":"2005-05-25 17:30:42", "inventory_id":3343, "rental_customer_id":384, "return_date":"2005-06-03 22:36:42", "rental_staff_id":1, "rental_last_update":"2006-02-15 21:30:53", "payment_customer_id":384, "payment_staff_id":1, "rental_id":898, "amount":0.99, "payment_date":"2005-05-30 09:26:19", "payment_last_update":"2006-02-15 22:17:26"},
 {"rental_payment_key":16796, "rental_key":103, "payment_key":10397, "customer_key":384, "staff_key":1, "rental_date":"2005-05-25 17:30:42", "inventory_id":3343, "rental_customer_id":384, "return_date":"2005-06-03 22:36:42", "rental_staff_id":1, "rental_last_update":"2006-02-15 21:30:53", "payment_customer_id":384, "payment_staff_id":1, "rental_id":1961, "amount":0.99, "payment_date":"2005-06-17 09:02:58", "payment_last_update":"2006-02-15 22:17:26"},
 {"rental_payment_key":16797, "rental_key":103, "payment_key":10399, "customer_key":384, "staff_key":1, "rental_date":"2005-05-25 17:30:42", "inventory_id":3343, "rental_customer_id":384, "return_date":"2005-06-03 22:36:42", "rental_staff_id":1, "rental_last_update":"2006-02-15 21:30:53", "payment_customer_id":384, "payment_staff_id":1, "rental_id":2378, "amount":7.99, "payment_date":"2005-06-18 14:57:49", "payment_last_update":"2006-02-15 22:17:26"},
 {"rental_payment_key":16798, "rental_key":103, "payment_key":10402, "customer_key":384, "staff_key":1, "rental_date":"2005-05-25 17:30:42", "inventory_id":3343, "rental_customer_id":384, "return_date":"2005-06-03 22:36:42", "rental_staff_id":1, "rental_last_update":"2006-02-15 21:30:53", "payment_customer_id":384, "payment_staff_id":1, "rental_id":3088, "amount":9.99, "payment_date":"2005-06-20 15:56:05", "payment_last_update":"2006-02-15 22:17:26"},
 {"rental_payment_key":16799, "rental_key":103, "payment_key":10406, "customer_key":384, "staff_key":1, "rental_date":"2005-05-25 17:30:42", "inventory_id":3343, "rental_customer_id":384, "return_date":"2005-06-03 22:36:42", "rental_staff_id":1, "rental_last_update":"2006-02-15 21:30:53", "payment_customer_id":384, "payment_staff_id":1, "rental_id":5608, "amount":4.99, "payment_date":"2005-07-10 05:08:26", "payment_last_update":"2006-02-15 22:17:26"},
 {"rental_payment_key":16800, "rental_key":103, "payment_key":10411, "customer_key":384, "staff_key":1, "rental_date":"2005-05-25 17:30:42", "inventory_id":3343, "rental_customer_id":384, "return_date":"2005-06-03 22:36:42", "rental_staff_id":1, "rental_last_update":"2006-02-15 21:30:53", "payment_customer_id":384, "payment_staff_id":1, "rental_id":8445, "amount":1.99, "payment_date":"2005-07-29 07:37:48", "payment_last_update":"2006-02-15 22:17:27"},
 {"rental_payment_key":16801, "rental_key":103, "payment_key":10415, "customer_key":384, "staff_key":1, "rental_date":"2005-05-25 17:30:42", "inventory_id":3343, "rental_customer_id":384, "return_date":"2005-06-03 22:36:42", "rental_staff_id":1, "rental_last_update":"2006-02-15 21:30:53", "payment_customer_id":384, "payment_staff_id":1, "rental_id":14841, "amount":0.99, "payment_date":"2005-08-22 02:03:30", "payment_last_update":"2006-02-15 22:17:27"},
 {"rental_payment_key":16802, "rental_key":103, "payment_key":10416, "customer_key":384, "staff_key":1, "rental_date":"2005-05-25 17:30:42", "inventory_id":3343, "rental_customer_id":384, "return_date":"2005-06-03 22:36:42", "rental_staff_id":1, "rental_last_update":"2006-02-15 21:30:53", "payment_customer_id":384, "payment_staff_id":1, "rental_id":14963, "amount":5.99, "payment_date":"2005-08-22 06:38:10", "payment_last_update":"2006-02-15 22:17:27"},
 {"rental_payment_key":16803, "rental_key":104, "payment_key":8417, "customer_key":310, "staff_key":1, "rental_date":"2005-05-25 17:46:33", "inventory_id":4281, "rental_customer_id":310, "return_date":"2005-05-27 15:20:33", "rental_staff_id":1, "rental_last_update":"2006-02-15 21:30:53", "payment_customer_id":310, "payment_staff_id":1, "rental_id":2480, "amount":5.99, "payment_date":"2005-06-18 21:04:09", "payment_last_update":"2006-02-15 22:15:53"},
 {"rental_payment_key":16804, "rental_key":104, "payment_key":8418, "customer_key":310, "staff_key":1, "rental_date":"2005-05-25 17:46:33", "inventory_id":4281, "rental_customer_id":310, "return_date":"2005-05-27 15:20:33", "rental_staff_id":1, "rental_last_update":"2006-02-15 21:30:53", "payment_customer_id":310, "payment_staff_id":1, "rental_id":2618, "amount":2.99, "payment_date":"2005-06-19 08:03:01", "payment_last_update":"2006-02-15 22:15:53"},
 {"rental_payment_key":16805, "rental_key":104, "payment_key":8420, "customer_key":310, "staff_key":1, "rental_date":"2005-05-25 17:46:33", "inventory_id":4281, "rental_customer_id":310, "return_date":"2005-05-27 15:20:33", "rental_staff_id":1, "rental_last_update":"2006-02-15 21:30:53", "payment_customer_id":310, "payment_staff_id":1, "rental_id":4072, "amount":0.99, "payment_date":"2005-07-07 04:48:02", "payment_last_update":"2006-02-15 22:15:53"},
 {"rental_payment_key":16806, "rental_key":104, "payment_key":8421, "customer_key":310, "staff_key":1, "rental_date":"2005-05-25 17:46:33", "inventory_id":4281, "rental_customer_id":310, "return_date":"2005-05-27 15:20:33", "rental_staff_id":1, "rental_last_update":"2006-02-15 21:30:53", "payment_customer_id":310, "payment_staff_id":1, "rental_id":5621, "amount":5.99, "payment_date":"2005-07-10 05:34:10", "payment_last_update":"2006-02-15 22:15:53"},
 {"rental_payment_key":16807, "rental_key":104, "payment_key":8423, "customer_key":310, "staff_key":1, "rental_date":"2005-05-25 17:46:33", "inventory_id":4281, "rental_customer_id":310, "return_date":"2005-05-27 15:20:33", "rental_staff_id":1, "rental_last_update":"2006-02-15 21:30:53", "payment_customer_id":310, "payment_staff_id":1, "rental_id":7648, "amount":5.99, "payment_date":"2005-07-28 01:35:33", "payment_last_update":"2006-02-15 22:15:53"},
 {"rental_payment_key":16808, "rental_key":104, "payment_key":8425, "customer_key":310, "staff_key":1, "rental_date":"2005-05-25 17:46:33", "inventory_id":4281, "rental_customer_id":310, "return_date":"2005-05-27 15:20:33", "rental_staff_id":1, "rental_last_update":"2006-02-15 21:30:53", "payment_customer_id":310, "payment_staff_id":1, "rental_id":8981, "amount":7.99, "payment_date":"2005-07-30 04:25:30", "payment_last_update":"2006-02-15 22:15:53"},
 {"rental_payment_key":16809, "rental_key":104, "payment_key":8426, "customer_key":310, "staff_key":1, "rental_date":"2005-05-25 17:46:33", "inventory_id":4281, "rental_customer_id":310, "return_date":"2005-05-27 15:20:33", "rental_staff_id":1, "rental_last_update":"2006-02-15 21:30:53", "payment_customer_id":310, "payment_staff_id":1, "rental_id":9536, "amount":2.99, "payment_date":"2005-07-31 01:19:02", "payment_last_update":"2006-02-15 22:15:53"},
 {"rental_payment_key":16810, "rental_key":104, "payment_key":8430, "customer_key":310, "staff_key":1, "rental_date":"2005-05-25 17:46:33", "inventory_id":4281, "rental_customer_id":310, "return_date":"2005-05-27 15:20:33", "rental_staff_id":1, "rental_last_update":"2006-02-15 21:30:53", "payment_customer_id":310, "payment_staff_id":1, "rental_id":12929, "amount":4.99, "payment_date":"2005-08-19 05:05:23", "payment_last_update":"2006-02-15 22:15:54"},
 {"rental_payment_key":16811, "rental_key":104, "payment_key":8431, "customer_key":310, "staff_key":1, "rental_date":"2005-05-25 17:46:33", "inventory_id":4281, "rental_customer_id":310, "return_date":"2005-05-27 15:20:33", "rental_staff_id":1, "rental_last_update":"2006-02-15 21:30:53", "payment_customer_id":310, "payment_staff_id":1, "rental_id":14972, "amount":5.99, "payment_date":"2005-08-22 06:53:21", "payment_last_update":"2006-02-15 22:15:54"},
 {"rental_payment_key":16812, "rental_key":108, "payment_key":6534, "customer_key":242, "staff_key":1, "rental_date":"2005-05-25 18:30:05", "inventory_id":3289, "rental_customer_id":242, "return_date":"2005-05-30 19:40:05", "rental_staff_id":1, "rental_last_update":"2006-02-15 21:30:53", "payment_customer_id":242, "payment_staff_id":1, "rental_id":108, "amount":2.99, "payment_date":"2005-05-25 18:30:05", "payment_last_update":"2006-02-15 22:14:42"},
 {"rental_payment_key":16813, "rental_key":108, "payment_key":6538, "customer_key":242, "staff_key":1, "rental_date":"2005-05-25 18:30:05", "inventory_id":3289, "rental_customer_id":242, "return_date":"2005-05-30 19:40:05", "rental_staff_id":1, "rental_last_update":"2006-02-15 21:30:53", "payment_customer_id":242, "payment_staff_id":1, "rental_id":1384, "amount":4.99, "payment_date":"2005-06-15 15:22:03", "payment_last_update":"2006-02-15 22:14:42"},
 {"rental_payment_key":16814, "rental_key":108, "payment_key":6539, "customer_key":242, "staff_key":1, "rental_date":"2005-05-25 18:30:05", "inventory_id":3289, "rental_customer_id":242, "return_date":"2005-05-30 19:40:05", "rental_staff_id":1, "rental_last_update":"2006-02-15 21:30:53", "payment_customer_id":242, "payment_staff_id":1, "rental_id":1483, "amount":4.99, "payment_date":"2005-06-15 21:21:58", "payment_last_update":"2006-02-15 22:14:42"},
 {"rental_payment_key":16815, "rental_key":108, "payment_key":6541, "customer_key":242, "staff_key":1, "rental_date":"2005-05-25 18:30:05", "inventory_id":3289, "rental_customer_id":242, "return_date":"2005-05-30 19:40:05", "rental_staff_id":1, "rental_last_update":"2006-02-15 21:30:53", "payment_customer_id":242, "payment_staff_id":1, "rental_id":2691, "amount":4.99, "payment_date":"2005-06-19 13:06:50", "payment_last_update":"2006-02-15 22:14:42"},
 {"rental_payment_key":16816, "rental_key":108, "payment_key":6543, "customer_key":242, "staff_key":1, "rental_date":"2005-05-25 18:30:05", "inventory_id":3289, "rental_customer_id":242, "return_date":"2005-05-30 19:40:05", "rental_staff_id":1, "rental_last_update":"2006-02-15 21:30:53", "payment_customer_id":242, "payment_staff_id":1, "rental_id":3471, "amount":4.99, "payment_date":"2005-07-05 22:51:44", "payment_last_update":"2006-02-15 22:14:42"},
 {"rental_payment_key":16817, "rental_key":108, "payment_key":6545, "customer_key":242, "staff_key":1, "rental_date":"2005-05-25 18:30:05", "inventory_id":3289, "rental_customer_id":242, "return_date":"2005-05-30 19:40:05", "rental_staff_id":1, "rental_last_update":"2006-02-15 21:30:53", "payment_customer_id":242, "payment_staff_id":1, "rental_id":4426, "amount":4.99, "payment_date":"2005-07-07 22:28:32", "payment_last_update":"2006-02-15 22:14:42"},
 {"rental_payment_key":16818, "rental_key":108, "payment_key":6549, "customer_key":242, "staff_key":1, "rental_date":"2005-05-25 18:30:05", "inventory_id":3289, "rental_customer_id":242, "return_date":"2005-05-30 19:40:05", "rental_staff_id":1, "rental_last_update":"2006-02-15 21:30:53", "payment_customer_id":242, "payment_staff_id":1, "rental_id":8491, "amount":4.99, "payment_date":"2005-07-29 09:02:13", "payment_last_update":"2006-02-15 22:14:42"},
 {"rental_payment_key":16819, "rental_key":108, "payment_key":6550, "customer_key":242, "staff_key":1, "rental_date":"2005-05-25 18:30:05", "inventory_id":3289, "rental_customer_id":242, "return_date":"2005-05-30 19:40:05", "rental_staff_id":1, "rental_last_update":"2006-02-15 21:30:53", "payment_customer_id":242, "payment_staff_id":1, "rental_id":9423, "amount":3.99, "payment_date":"2005-07-30 21:10:14", "payment_last_update":"2006-02-15 22:14:42"},
 {"rental_payment_key":16820, "rental_key":108, "payment_key":6551, "customer_key":242, "staff_key":1, "rental_date":"2005-05-25 18:30:05", "inventory_id":3289, "rental_customer_id":242, "return_date":"2005-05-30 19:40:05", "rental_staff_id":1, "rental_last_update":"2006-02-15 21:30:53", "payment_customer_id":242, "payment_staff_id":1, "rental_id":9730, "amount":6.99, "payment_date":"2005-07-31 08:50:08", "payment_last_update":"2006-02-15 22:14:43"},
 {"rental_payment_key":16821, "rental_key":108, "payment_key":6556, "customer_key":242, "staff_key":1, "rental_date":"2005-05-25 18:30:05", "inventory_id":3289, "rental_customer_id":242, "return_date":"2005-05-30 19:40:05", "rental_staff_id":1, "rental_last_update":"2006-02-15 21:30:53", "payment_customer_id":242, "payment_staff_id":1, "rental_id":11258, "amount":4.99, "payment_date":"2005-08-02 13:45:39", "payment_last_update":"2006-02-15 22:14:43"},
 {"rental_payment_key":16822, "rental_key":108, "payment_key":6558, "customer_key":242, "staff_key":1, "rental_date":"2005-05-25 18:30:05", "inventory_id":3289, "rental_customer_id":242, "return_date":"2005-05-30 19:40:05", "rental_staff_id":1, "rental_last_update":"2006-02-15 21:30:53", "payment_customer_id":242, "payment_staff_id":1, "rental_id":11931, "amount":4.99, "payment_date":"2005-08-17 16:35:14", "payment_last_update":"2006-02-15 22:14:43"},
 {"rental_payment_key":16823, "rental_key":108, "payment_key":6560, "customer_key":242, "staff_key":1, "rental_date":"2005-05-25 18:30:05", "inventory_id":3289, "rental_customer_id":242, "return_date":"2005-05-30 19:40:05", "rental_staff_id":1, "rental_last_update":"2006-02-15 21:30:53", "payment_customer_id":242, "payment_staff_id":1, "rental_id":12855, "amount":4.99, "payment_date":"2005-08-19 02:18:58", "payment_last_update":"2006-02-15 22:14:43"},
 {"rental_payment_key":16824, "rental_key":108, "payment_key":6561, "customer_key":242, "staff_key":1, "rental_date":"2005-05-25 18:30:05", "inventory_id":3289, "rental_customer_id":242, "return_date":"2005-05-30 19:40:05", "rental_staff_id":1, "rental_last_update":"2006-02-15 21:30:53", "payment_customer_id":242, "payment_staff_id":1, "rental_id":13271, "amount":9.99, "payment_date":"2005-08-19 17:42:06", "payment_last_update":"2006-02-15 22:14:43"},
 {"rental_payment_key":16825, "rental_key":108, "payment_key":6564, "customer_key":242, "staff_key":1, "rental_date":"2005-05-25 18:30:05", "inventory_id":3289, "rental_customer_id":242, "return_date":"2005-05-30 19:40:05", "rental_staff_id":1, "rental_last_update":"2006-02-15 21:30:53", "payment_customer_id":242, "payment_staff_id":1, "rental_id":14515, "amount":0.99, "payment_date":"2005-08-21 14:52:14", "payment_last_update":"2006-02-15 22:14:43"},
 {"rental_payment_key":16826, "rental_key":108, "payment_key":6565, "customer_key":242, "staff_key":1, "rental_date":"2005-05-25 18:30:05", "inventory_id":3289, "rental_customer_id":242, "return_date":"2005-05-30 19:40:05", "rental_staff_id":1, "rental_last_update":"2006-02-15 21:30:53", "payment_customer_id":242, "payment_staff_id":1, "rental_id":15002, "amount":0.99, "payment_date":"2005-08-22 08:06:00", "payment_last_update":"2006-02-15 22:14:43"},
 {"rental_payment_key":16827, "rental_key":111, "payment_key":6110, "customer_key":227, "staff_key":1, "rental_date":"2005-05-25 18:45:19", "inventory_id":3725, "rental_customer_id":227, "return_date":"2005-05-28 17:18:19", "rental_staff_id":1, "rental_last_update":"2006-02-15 21:30:53", "payment_customer_id":227, "payment_staff_id":1, "rental_id":111, "amount":4.99, "payment_date":"2005-05-25 18:45:19", "payment_last_update":"2006-02-15 22:14:26"},
 {"rental_payment_key":16828, "rental_key":111, "payment_key":6111, "customer_key":227, "staff_key":1, "rental_date":"2005-05-25 18:45:19", "inventory_id":3725, "rental_customer_id":227, "return_date":"2005-05-28 17:18:19", "rental_staff_id":1, "rental_last_update":"2006-02-15 21:30:53", "payment_customer_id":227, "payment_staff_id":1, "rental_id":1023, "amount":3.99, "payment_date":"2005-05-31 03:26:50", "payment_last_update":"2006-02-15 22:14:26"},
 {"rental_payment_key":16829, "rental_key":111, "payment_key":6112, "customer_key":227, "staff_key":1, "rental_date":"2005-05-25 18:45:19", "inventory_id":3725, "rental_customer_id":227, "return_date":"2005-05-28 17:18:19", "rental_staff_id":1, "rental_last_update":"2006-02-15 21:30:53", "payment_customer_id":227, "payment_staff_id":1, "rental_id":1679, "amount":2.99, "payment_date":"2005-06-16 11:11:01", "payment_last_update":"2006-02-15 22:14:26"},
 {"rental_payment_key":16830, "rental_key":111, "payment_key":6114, "customer_key":227, "staff_key":1, "rental_date":"2005-05-25 18:45:19", "inventory_id":3725, "rental_customer_id":227, "return_date":"2005-05-28 17:18:19", "rental_staff_id":1, "rental_last_update":"2006-02-15 21:30:53", "payment_customer_id":227, "payment_staff_id":1, "rental_id":2164, "amount":6.99, "payment_date":"2005-06-17 23:46:21", "payment_last_update":"2006-02-15 22:14:26"},
 {"rental_payment_key":16831, "rental_key":111, "payment_key":6116, "customer_key":227, "staff_key":1, "rental_date":"2005-05-25 18:45:19", "inventory_id":3725, "rental_customer_id":227, "return_date":"2005-05-28 17:18:19", "rental_staff_id":1, "rental_last_update":"2006-02-15 21:30:53", "payment_customer_id":227, "payment_staff_id":1, "rental_id":3576, "amount":5.99, "payment_date":"2005-07-06 03:40:01", "payment_last_update":"2006-02-15 22:14:26"},
 {"rental_payment_key":16832, "rental_key":111, "payment_key":6119, "customer_key":227, "staff_key":1, "rental_date":"2005-05-25 18:45:19", "inventory_id":3725, "rental_customer_id":227, "return_date":"2005-05-28 17:18:19", "rental_staff_id":1, "rental_last_update":"2006-02-15 21:30:53", "payment_customer_id":227, "payment_staff_id":1, "rental_id":4680, "amount":2.99, "payment_date":"2005-07-08 10:35:28", "payment_last_update":"2006-02-15 22:14:26"},
 {"rental_payment_key":16833, "rental_key":111, "payment_key":6120, "customer_key":227, "staff_key":1, "rental_date":"2005-05-25 18:45:19", "inventory_id":3725, "rental_customer_id":227, "return_date":"2005-05-28 17:18:19", "rental_staff_id":1, "rental_last_update":"2006-02-15 21:30:53", "payment_customer_id":227, "payment_staff_id":1, "rental_id":5046, "amount":3.99, "payment_date":"2005-07-09 03:34:57", "payment_last_update":"2006-02-15 22:14:26"},
 {"rental_payment_key":16834, "rental_key":111, "payment_key":6121, "customer_key":227, "staff_key":1, "rental_date":"2005-05-25 18:45:19", "inventory_id":3725, "rental_customer_id":227, "return_date":"2005-05-28 17:18:19", "rental_staff_id":1, "rental_last_update":"2006-02-15 21:30:53", "payment_customer_id":227, "payment_staff_id":1, "rental_id":7132, "amount":7.99, "payment_date":"2005-07-27 06:28:34", "payment_last_update":"2006-02-15 22:14:26"},
 {"rental_payment_key":16835, "rental_key":111, "payment_key":6122, "customer_key":227, "staff_key":1, "rental_date":"2005-05-25 18:45:19", "inventory_id":3725, "rental_customer_id":227, "return_date":"2005-05-28 17:18:19", "rental_staff_id":1, "rental_last_update":"2006-02-15 21:30:53", "payment_customer_id":227, "payment_staff_id":1, "rental_id":8219, "amount":2.99, "payment_date":"2005-07-28 23:46:31", "payment_last_update":"2006-02-15 22:14:26"},
 {"rental_payment_key":16836, "rental_key":111, "payment_key":6123, "customer_key":227, "staff_key":1, "rental_date":"2005-05-25 18:45:19", "inventory_id":3725, "rental_customer_id":227, "return_date":"2005-05-28 17:18:19", "rental_staff_id":1, "rental_last_update":"2006-02-15 21:30:53", "payment_customer_id":227, "payment_staff_id":1, "rental_id":8234, "amount":0.99, "payment_date":"2005-07-29 00:19:20", "payment_last_update":"2006-02-15 22:14:26"},
 {"rental_payment_key":16837, "rental_key":111, "payment_key":6124, "customer_key":227, "staff_key":1, "rental_date":"2005-05-25 18:45:19", "inventory_id":3725, "rental_customer_id":227, "return_date":"2005-05-28 17:18:19", "rental_staff_id":1, "rental_last_update":"2006-02-15 21:30:53", "payment_customer_id":227, "payment_staff_id":1, "rental_id":8384, "amount":0.99, "payment_date":"2005-07-29 05:38:43", "payment_last_update":"2006-02-15 22:14:26"},
 {"rental_payment_key":16838, "rental_key":111, "payment_key":6126, "customer_key":227, "staff_key":1, "rental_date":"2005-05-25 18:45:19", "inventory_id":3725, "rental_customer_id":227, "return_date":"2005-05-28 17:18:19", "rental_staff_id":1, "rental_last_update":"2006-02-15 21:30:53", "payment_customer_id":227, "payment_staff_id":1, "rental_id":8936, "amount":2.99, "payment_date":"2005-07-30 02:47:13", "payment_last_update":"2006-02-15 22:14:26"},
 {"rental_payment_key":16839, "rental_key":112, "payment_key":13462, "customer_key":500, "staff_key":1, "rental_date":"2005-05-25 18:57:24", "inventory_id":2153, "rental_customer_id":500, "return_date":"2005-06-02 20:44:24", "rental_staff_id":1, "rental_last_update":"2006-02-15 21:30:53", "payment_customer_id":500, "payment_staff_id":1, "rental_id":112, "amount":8.99, "payment_date":"2005-05-25 18:57:24", "payment_last_update":"2006-02-15 22:20:20"},
 {"rental_payment_key":16840, "rental_key":112, "payment_key":13463, "customer_key":500, "staff_key":1, "rental_date":"2005-05-25 18:57:24", "inventory_id":2153, "rental_customer_id":500, "return_date":"2005-06-02 20:44:24", "rental_staff_id":1, "rental_last_update":"2006-02-15 21:30:53", "payment_customer_id":500, "payment_staff_id":1, "rental_id":389, "amount":8.99, "payment_date":"2005-05-27 10:45:41", "payment_last_update":"2006-02-15 22:20:21"},
 {"rental_payment_key":16841, "rental_key":112, "payment_key":13464, "customer_key":500, "staff_key":1, "rental_date":"2005-05-25 18:57:24", "inventory_id":2153, "rental_customer_id":500, "return_date":"2005-06-02 20:44:24", "rental_staff_id":1, "rental_last_update":"2006-02-15 21:30:53", "payment_customer_id":500, "payment_staff_id":1, "rental_id":610, "amount":0.99, "payment_date":"2005-05-28 15:15:25", "payment_last_update":"2006-02-15 22:20:21"},
 {"rental_payment_key":16842, "rental_key":112, "payment_key":13465, "customer_key":500, "staff_key":1, "rental_date":"2005-05-25 18:57:24", "inventory_id":2153, "rental_customer_id":500, "return_date":"2005-06-02 20:44:24", "rental_staff_id":1, "rental_last_update":"2006-02-15 21:30:53", "payment_customer_id":500, "payment_staff_id":1, "rental_id":1375, "amount":5.99, "payment_date":"2005-06-15 14:54:56", "payment_last_update":"2006-02-15 22:20:21"},
 {"rental_payment_key":16843, "rental_key":112, "payment_key":13469, "customer_key":500, "staff_key":1, "rental_date":"2005-05-25 18:57:24", "inventory_id":2153, "rental_customer_id":500, "return_date":"2005-06-02 20:44:24", "rental_staff_id":1, "rental_last_update":"2006-02-15 21:30:53", "payment_customer_id":500, "payment_staff_id":1, "rental_id":2996, "amount":2.99, "payment_date":"2005-06-20 09:20:29", "payment_last_update":"2006-02-15 22:20:21"},
 {"rental_payment_key":16844, "rental_key":112, "payment_key":13471, "customer_key":500, "staff_key":1, "rental_date":"2005-05-25 18:57:24", "inventory_id":2153, "rental_customer_id":500, "return_date":"2005-06-02 20:44:24", "rental_staff_id":1, "rental_last_update":"2006-02-15 21:30:53", "payment_customer_id":500, "payment_staff_id":1, "rental_id":4561, "amount":0.99, "payment_date":"2005-07-08 05:02:43", "payment_last_update":"2006-02-15 22:20:21"},
 {"rental_payment_key":16845, "rental_key":112, "payment_key":13476, "customer_key":500, "staff_key":1, "rental_date":"2005-05-25 18:57:24", "inventory_id":2153, "rental_customer_id":500, "return_date":"2005-06-02 20:44:24", "rental_staff_id":1, "rental_last_update":"2006-02-15 21:30:53", "payment_customer_id":500, "payment_staff_id":1, "rental_id":7857, "amount":0.99, "payment_date":"2005-07-28 09:49:40", "payment_last_update":"2006-02-15 22:20:21"},
 {"rental_payment_key":16846, "rental_key":112, "payment_key":13477, "customer_key":500, "staff_key":1, "rental_date":"2005-05-25 18:57:24", "inventory_id":2153, "rental_customer_id":500, "return_date":"2005-06-02 20:44:24", "rental_staff_id":1, "rental_last_update":"2006-02-15 21:30:53", "payment_customer_id":500, "payment_staff_id":1, "rental_id":7925, "amount":2.99, "payment_date":"2005-07-28 12:10:02", "payment_last_update":"2006-02-15 22:20:21"},
 {"rental_payment_key":16847, "rental_key":112, "payment_key":13478, "customer_key":500, "staff_key":1, "rental_date":"2005-05-25 18:57:24", "inventory_id":2153, "rental_customer_id":500, "return_date":"2005-06-02 20:44:24", "rental_staff_id":1, "rental_last_update":"2006-02-15 21:30:53", "payment_customer_id":500, "payment_staff_id":1, "rental_id":8538, "amount":6.99, "payment_date":"2005-07-29 10:45:17", "payment_last_update":"2006-02-15 22:20:21"},
 {"rental_payment_key":16848, "rental_key":112, "payment_key":13479, "customer_key":500, "staff_key":1, "rental_date":"2005-05-25 18:57:24", "inventory_id":2153, "rental_customer_id":500, "return_date":"2005-06-02 20:44:24", "rental_staff_id":1, "rental_last_update":"2006-02-15 21:30:53", "payment_customer_id":500, "payment_staff_id":1, "rental_id":8925, "amount":0.99, "payment_date":"2005-07-30 02:09:14", "payment_last_update":"2006-02-15 22:20:22"},
 {"rental_payment_key":16849, "rental_key":112, "payment_key":13481, "customer_key":500, "staff_key":1, "rental_date":"2005-05-25 18:57:24", "inventory_id":2153, "rental_customer_id":500, "return_date":"2005-06-02 20:44:24", "rental_staff_id":1, "rental_last_update":"2006-02-15 21:30:53", "payment_customer_id":500, "payment_staff_id":1, "rental_id":10947, "amount":6.99, "payment_date":"2005-08-02 03:23:17", "payment_last_update":"2006-02-15 22:20:22"},
 {"rental_payment_key":16850, "rental_key":112, "payment_key":13483, "customer_key":500, "staff_key":1, "rental_date":"2005-05-25 18:57:24", "inventory_id":2153, "rental_customer_id":500, "return_date":"2005-06-02 20:44:24", "rental_staff_id":1, "rental_last_update":"2006-02-15 21:30:53", "payment_customer_id":500, "payment_staff_id":1, "rental_id":12639, "amount":2.99, "payment_date":"2005-08-18 18:13:05", "payment_last_update":"2006-02-15 22:20:22"},
 {"rental_payment_key":16851, "rental_key":112, "payment_key":13486, "customer_key":500, "staff_key":1, "rental_date":"2005-05-25 18:57:24", "inventory_id":2153, "rental_customer_id":500, "return_date":"2005-06-02 20:44:24", "rental_staff_id":1, "rental_last_update":"2006-02-15 21:30:53", "payment_customer_id":500, "payment_staff_id":1, "rental_id":14407, "amount":0.99, "payment_date":"2005-08-21 10:46:51", "payment_last_update":"2006-02-15 22:20:22"},
 {"rental_payment_key":16852, "rental_key":112, "payment_key":13487, "customer_key":500, "staff_key":1, "rental_date":"2005-05-25 18:57:24", "inventory_id":2153, "rental_customer_id":500, "return_date":"2005-06-02 20:44:24", "rental_staff_id":1, "rental_last_update":"2006-02-15 21:30:53", "payment_customer_id":500, "payment_staff_id":1, "rental_id":14964, "amount":4.99, "payment_date":"2005-08-22 06:39:24", "payment_last_update":"2006-02-15 22:20:22"},
 {"rental_payment_key":16853, "rental_key":112, "payment_key":13488, "customer_key":500, "staff_key":1, "rental_date":"2005-05-25 18:57:24", "inventory_id":2153, "rental_customer_id":500, "return_date":"2005-06-02 20:44:24", "rental_staff_id":1, "rental_last_update":"2006-02-15 21:30:53", "payment_customer_id":500, "payment_staff_id":1, "rental_id":15584, "amount":2.99, "payment_date":"2005-08-23 05:49:21", "payment_last_update":"2006-02-15 22:20:22"},
 {"rental_payment_key":16854, "rental_key":112, "payment_key":13489, "customer_key":500, "staff_key":1, "rental_date":"2005-05-25 18:57:24", "inventory_id":2153, "rental_customer_id":500, "return_date":"2005-06-02 20:44:24", "rental_staff_id":1, "rental_last_update":"2006-02-15 21:30:53", "payment_customer_id":500, "payment_staff_id":1, "rental_id":15853, "amount":2.99, "payment_date":"2005-08-23 15:54:20", "payment_last_update":"2006-02-15 22:20:22"},
 {"rental_payment_key":16855, "rental_key":114, "payment_key":13626, "customer_key":506, "staff_key":1, "rental_date":"2005-05-25 19:12:42", "inventory_id":4502, "rental_customer_id":506, "return_date":"2005-06-01 23:10:42", "rental_staff_id":1, "rental_last_update":"2006-02-15 21:30:53", "payment_customer_id":506, "payment_staff_id":1, "rental_id":114, "amount":3.99, "payment_date":"2005-05-25 19:12:42", "payment_last_update":"2006-02-15 22:20:31"},
 {"rental_payment_key":16856, "rental_key":114, "payment_key":13629, "customer_key":506, "staff_key":1, "rental_date":"2005-05-25 19:12:42", "inventory_id":4502, "rental_customer_id":506, "return_date":"2005-06-01 23:10:42", "rental_staff_id":1, "rental_last_update":"2006-02-15 21:30:53", "payment_customer_id":506, "payment_staff_id":1, "rental_id":547, "amount":8.99, "payment_date":"2005-05-28 07:24:28", "payment_last_update":"2006-02-15 22:20:31"},
 {"rental_payment_key":16857, "rental_key":114, "payment_key":13631, "customer_key":506, "staff_key":1, "rental_date":"2005-05-25 19:12:42", "inventory_id":4502, "rental_customer_id":506, "return_date":"2005-06-01 23:10:42", "rental_staff_id":1, "rental_last_update":"2006-02-15 21:30:53", "payment_customer_id":506, "payment_staff_id":1, "rental_id":1042, "amount":2.99, "payment_date":"2005-05-31 05:53:00", "payment_last_update":"2006-02-15 22:20:31"},
 {"rental_payment_key":16858, "rental_key":114, "payment_key":13633, "customer_key":506, "staff_key":1, "rental_date":"2005-05-25 19:12:42", "inventory_id":4502, "rental_customer_id":506, "return_date":"2005-06-01 23:10:42", "rental_staff_id":1, "rental_last_update":"2006-02-15 21:30:53", "payment_customer_id":506, "payment_staff_id":1, "rental_id":1446, "amount":6.99, "payment_date":"2005-06-15 19:13:45", "payment_last_update":"2006-02-15 22:20:31"},
 {"rental_payment_key":16859, "rental_key":114, "payment_key":13634, "customer_key":506, "staff_key":1, "rental_date":"2005-05-25 19:12:42", "inventory_id":4502, "rental_customer_id":506, "return_date":"2005-06-01 23:10:42", "rental_staff_id":1, "rental_last_update":"2006-02-15 21:30:53", "payment_customer_id":506, "payment_staff_id":1, "rental_id":1467, "amount":2.99, "payment_date":"2005-06-15 20:47:10", "payment_last_update":"2006-02-15 22:20:31"},
 {"rental_payment_key":16860, "rental_key":114, "payment_key":13636, "customer_key":506, "staff_key":1, "rental_date":"2005-05-25 19:12:42", "inventory_id":4502, "rental_customer_id":506, "return_date":"2005-06-01 23:10:42", "rental_staff_id":1, "rental_last_update":"2006-02-15 21:30:53", "payment_customer_id":506, "payment_staff_id":1, "rental_id":2755, "amount":9.99, "payment_date":"2005-06-19 16:56:31", "payment_last_update":"2006-02-15 22:20:31"},
 {"rental_payment_key":16861, "rental_key":114, "payment_key":13642, "customer_key":506, "staff_key":1, "rental_date":"2005-05-25 19:12:42", "inventory_id":4502, "rental_customer_id":506, "return_date":"2005-06-01 23:10:42", "rental_staff_id":1, "rental_last_update":"2006-02-15 21:30:53", "payment_customer_id":506, "payment_staff_id":1, "rental_id":6783, "amount":2.99, "payment_date":"2005-07-12 16:27:56", "payment_last_update":"2006-02-15 22:20:32"},
 {"rental_payment_key":16862, "rental_key":114, "payment_key":13643, "customer_key":506, "staff_key":1, "rental_date":"2005-05-25 19:12:42", "inventory_id":4502, "rental_customer_id":506, "return_date":"2005-06-01 23:10:42", "rental_staff_id":1, "rental_last_update":"2006-02-15 21:30:53", "payment_customer_id":506, "payment_staff_id":1, "rental_id":7020, "amount":0.99, "payment_date":"2005-07-27 02:24:27", "payment_last_update":"2006-02-15 22:20:32"},
 {"rental_payment_key":16863, "rental_key":114, "payment_key":13648, "customer_key":506, "staff_key":1, "rental_date":"2005-05-25 19:12:42", "inventory_id":4502, "rental_customer_id":506, "return_date":"2005-06-01 23:10:42", "rental_staff_id":1, "rental_last_update":"2006-02-15 21:30:53", "payment_customer_id":506, "payment_staff_id":1, "rental_id":10477, "amount":2.99, "payment_date":"2005-08-01 10:04:17", "payment_last_update":"2006-02-15 22:20:32"},
 {"rental_payment_key":16864, "rental_key":114, "payment_key":13649, "customer_key":506, "staff_key":1, "rental_date":"2005-05-25 19:12:42", "inventory_id":4502, "rental_customer_id":506, "return_date":"2005-06-01 23:10:42", "rental_staff_id":1, "rental_last_update":"2006-02-15 21:30:53", "payment_customer_id":506, "payment_staff_id":1, "rental_id":10873, "amount":4.99, "payment_date":"2005-08-02 00:30:34", "payment_last_update":"2006-02-15 22:20:32"}]